-0.0020620942901984,0.0375886807750973
0.00601112529553478,0.0424453750288122
0.00990772615228946,0.0541468638264995
0.000268762346692395,0.0382130930615109
0.00149715090345402,0.0320788559703382
0.000331718680281626,0.0338305732394617
-0.000438204509777036,0.0418021257477286
-0.000585441278967538,0.0405457101950304
0.000492837182515861,0.0370741798220533
0.00527631772901821,0.037440075823226
-0.00124616925837374,0.050831842744745
-0.00494765193019816,0.0474189997228321
0.0018253498370295,0.0254954634093059
0.00289895053406164,0.0379711513752842
0.00295164330849484,0.0557412183122409
0.00064786772385177,0.0404028235445849
-0.00759822481040979,0.0583116205798338
0.00590205797115629,0.0435773120373178
0.00748280842189591,0.0690713590434478
-0.00401244955985993,0.032153469354239
-0.000762923314539839,0.0535428350061326
0.00151017083521086,0.0277585731193045
0.00101159351075029,0.0401461895655365
-0.00248684772914163,0.0506775429677368
-0.00313104392456165,0.0555077820370641
0.00165657078645425,0.0279125329819445
0.00134078603862006,0.0448968083027936
0.00246467251735592,0.0391565848484958
0.000177896675432228,0.0418484208462133
0.00913180609914998,0.0493657514903006
0.00514435883093533,0.0352624166609029
0.0005713331069422,0.0477529731621842
-0.00566313531466082,0.0414243353913032
-0.00113316982133274,0.0580238166005099
0.00801446144743509,0.0401291330440051
0.00585551966165032,0.029698898611244
-0.00549319557417563,0.0591810692617993
0.00296353101829692,0.034963895926177
0.00335049363130628,0.0350854589123972
0.00374850573573366,0.0444147545718383
0.00156102994294752,0.0419127852266907
-0.00593038892451935,0.0683953315503139
-0.00060592767014162,0.0453008351057319
0.0116023450048624,0.0630492383280178
0.00217340874970375,0.0292465420206015
0.000416948434165662,0.0306513737905196
-0.00465348266890231,0.0394253469083183
-0.00291401885188363,0.0336244179981784
-0.00210249471849017,0.0302377257684945
-0.00294535118701741,0.0386215412694093
0.00666880905012022,0.0683286397580855
0.00655119173001482,0.0300244728014318
-0.00193345028270109,0.0420833558725561
-0.00158881394728311,0.0275418348291837
-0.00059824424603461,0.0385034094415762
0.00486149642143323,0.0681219425185273
0.00048772633219704,0.0327105088063732
0.00415052570792185,0.0366016205172707
0.00360469358741927,0.0356453678383615
0.00469555349668264,0.031749586393624
-0.00206403044385691,0.0627603653393733
-0.00928062099342491,0.064791955703658
-0.00159133837101662,0.0428677950498477
0.00371993469173908,0.0433279518502949
0.000487849146689935,0.0547949790323111
-0.00432365029186995,0.0733935918293224
-6.00147525921396e-05,0.0338678773923072
0.00531558901402261,0.0443117811207033
-0.00380887267912559,0.0835309971220566
-0.0156833004876553,0.0823612933481343
-0.00464804940113744,0.0345280345384449
0.00104440857398128,0.0348070080535181
0.00544200342429269,0.0480256732560191
0.00536260433861145,0.0464132278764413
-0.00260530202763657,0.0436578746869703
0.00225299341736565,0.0395695122107912
0.0013619689376362,0.0292947456820671
0.0046866469709333,0.0271601525185465
-0.000561410118817022,0.034158374216404
0.00186636328518471,0.0468559323195104
-0.00901616838278593,0.066773664163823
-0.0130008695615079,0.0733817350795056
-0.00385546857197442,0.060790029084937
0.0020364932449776,0.0267384562184524
-0.00724666709127466,0.0429638897282338
0.00380983845706885,0.0481576931224234
0.00214172246234538,0.0375101090645694
0.00194958991622209,0.0375003900079924
-0.00109809115972525,0.0331107551491021
0.000438873469318234,0.0438311933842999
-0.000850079548153034,0.04064895061775
0.00670927372665637,0.0389854157592283
-0.00833530397744996,0.043688697651974
0.00261181048017478,0.031729772135812
-0.00705258082431501,0.0347996258023076
0.000871487817889613,0.0269401982101236
-0.00238689951694678,0.0472746133598691
-0.00318595661614978,0.0809794718210747
0.00116903540551469,0.0330755325338943
0.00324529729438128,0.0229494445238966
-0.00157027749611455,0.0383130266020138
-0.00255060142426289,0.0354606308048493
-0.00631537444337495,0.0570653760891674
0.00178009900651273,0.0347906546913534
0.00527244639939104,0.0342404370031285
-0.00104340489353959,0.0488134904864595
-0.0201189738764032,0.0782552794317164
-0.00332604238130897,0.0623529136481062
0.00217681393271405,0.0491031695415368
-0.00500926988535128,0.0453500695552081
-0.00389005776848413,0.0791383058769948
-5.09258395978985e-06,0.0423973496372372
-0.00641821211507455,0.0472510047739669
0.00129362033559397,0.0310358750805466
0.00122043493382998,0.0588968622206403
-0.000123026826741221,0.0473018315481934
-4.6738294048704e-05,0.0387139512912664
0.00485448851180777,0.025788071428462
0.002561128907531,0.058627436600604
0.00206481260721005,0.0496690324681367
-0.000250012107929787,0.052970952201435
0.00722677271819942,0.0486747847613864
-0.00533460123692432,0.0959405878550314
-0.00445082252931114,0.0615773326939938
-0.00371834701750632,0.0536251626629409
-0.0047307873486132,0.0883480680202395
0.00129600556850773,0.0334274442726353
-0.00712364436668894,0.0580597534783403
0.00669300559666115,0.0523060920020165
-0.000741135783010361,0.0396779549741535
0.00352944267922203,0.033973156121891
0.00131701666271694,0.0271333146659929
0.00227621581085126,0.0723753465629588
0.00273100073740319,0.0511150856884961
-0.00256670926856505,0.0593271172312822
0.00249197739252531,0.0414286237129266
-0.00809914014616242,0.0585277643174125
-0.00293137572079406,0.0584565941562392
-0.00138210528190925,0.0495247681414064
0.00901973201530152,0.072211890848344
0.00299123448731838,0.0288772837933771
0.000985124321249471,0.0424756583976377
0.00467396568375982,0.0595091253232577
-0.00439520098902183,0.0468744948538172
-0.00174526949107112,0.040432767430784
-0.00498262980789012,0.0469790639057919
0.00251653335335448,0.047098363766014
-0.000878431934669314,0.0338588273221082
-0.00228053635150205,0.0500377305032641
0.00931472339651945,0.0489576643815723
0.0054809361813684,0.0388422780408766
-0.00402409584022515,0.0541654145363139
0.00131124913882495,0.0549832053838868
0.00247621866327941,0.0296658867488467
0.00214009797171194,0.0304185675868635
0.00210218926219098,0.0361834443271681
0.000416586328714612,0.0674518789549537
-0.00216421157529755,0.0549227313989157
-0.00398399666718172,0.0402462651398943
0.00188565374790143,0.0257251105139622
0.0060448620579373,0.0391710177119063
0.00457363654012627,0.0387335897917712
0.00186756706811362,0.0356666963272469
0.00277721468296087,0.0499299345913736
0.00216265701547788,0.0357774564169972
-0.00889019576707599,0.0918027868451915
-0.00290264868902835,0.0359980645911006
-0.00967973801977534,0.0736826251673093
-0.00747508514681814,0.0481243404140394
0.00592807397921084,0.042437799469336
-0.00758516109650228,0.0454807948848397
0.00309315405495522,0.0538543491088181
-0.00141549545854071,0.0474568604733964
0.0034717430179954,0.0293690430712911
-0.00124278638965651,0.0416925278388657
-0.000961911487249903,0.0442461962790915
0.00168317588571786,0.0546055137858188
0.00228185181132301,0.0428941051864457
-0.000893551295038566,0.0343795937446736
0.0048059296488839,0.0966787725000276
-0.000126625808073893,0.0450906298043141
-0.00292255484645779,0.0647694254133074
-0.00255234327986495,0.0570880665342222
-0.00316013398353879,0.0428721598730685
-0.000527162683395308,0.0443929579328683
9.43531397804748e-05,0.0311108883798937
0.00530047401116303,0.032776016463105
-0.00349148064259771,0.0443465604933322
0.00203196430480344,0.0448547458627289
-0.00174664986675173,0.0357617251305166
-0.00264137918319605,0.0444164123650679
-0.00152788845352707,0.0803852027577248
-0.000815048163204514,0.0288240953326415
0.000884556429056568,0.032779755126393
-0.000403621099973128,0.0704798049745183
-0.000228021894629435,0.0356239562897575
0.00918748059952266,0.0393791848093797
-0.00112648187681015,0.0329790706175952
0.00260187501747477,0.0463293450351233
0.00395292921214655,0.0373643818096516
0.00136317838564677,0.038508455725164
0.00202227505711251,0.0410456316256201
-0.00476430205709135,0.0712291449147448
-0.000398123958442992,0.0416936400881114
0.00683927479382181,0.0952022120493136
0.00329200632761687,0.0462998183874629
-0.0123648939569198,0.0786111241544358
-0.00358824386556075,0.0784999003788577
0.00262919766493631,0.0469492808164831
-0.000179002731883882,0.0435046861684344
0.00739413879708599,0.0685529543207296
0.00141381343429915,0.0173815459299505
0.000581979380538449,0.0388796719552208
-0.00620283561009944,0.0750391769668806
0.00214058749564388,0.0315110514067055
0.00562571845928247,0.0347459274173514
0.00261382460496662,0.0634262641843516
0.00320130356773753,0.0628105653378643
0.00755382406106584,0.0570461465486637
0.00598312657609183,0.050765938752733
0.00239789240423213,0.0345350134840906
-0.00682091198326177,0.0593231804199366
0.00210756163842646,0.0474618744813314
0.000200485770416164,0.0368936096603389
-0.000158424325969434,0.0415468908654611
0.00134901075903954,0.0481896229094544
-0.00100433297747003,0.0668034917170496
0.000402875746703171,0.0354150842668862
0.000994331055431198,0.0398851723868687
0.00221642276267454,0.0337501889953999
-0.00194841160183343,0.0653574058491867
0.000479096210271626,0.038565664793609
0.0180543881891916,0.0688680551396714
0.003327101206004,0.0255245555652418
0.00136606890665231,0.0409523547273339
-0.00404995021209933,0.0453729650575417
-0.00688138780131021,0.0568261717214321
0.00489120997745723,0.0358114211157653
0.00241804809590395,0.0715458166241883
0.00235622410852812,0.0444371183543389
0.000269583482449489,0.0252840323662186
-0.00637123162958758,0.0424645895670498
4.88334431252338e-05,0.0275524780008097
0.00572985367786123,0.0349995133086273
-0.00382500617217918,0.0465729556345466
0.00163292147713435,0.0388617860469867
0.00619422249836848,0.0830831047481851
-0.0017669632915644,0.0569780163452929
0.00311962030323121,0.0332803488730694
0.00292477357368885,0.0355468415129359
0.00338657329423242,0.0507276311765005
0.0142906976291234,0.0552222263940775
0.00818428746036341,0.0758747381276657
0.00246002400933791,0.054335718185274
-0.0120231981813213,0.0522834818929181
-0.000834471033208636,0.0467778043271368
-0.00187878155021727,0.0809172912869077
0.00281086508656006,0.0733905795363485
0.0042851944294275,0.0460884125716639
0.000899269328763009,0.0393591377934135
0.00194882341677546,0.0379788147980171
0.00123518590498334,0.0350957936312236
0.00420132726607678,0.0431110930914287
0.0052733143254254,0.0299563259424011
-0.00192913318946432,0.0494639855558051
0.00860576705412633,0.0740302753743054
0.00101636897971764,0.0494707734893324
-0.007252013101796,0.0451851261346294
-0.00254075284002507,0.0662449132755419
0.000566063525926897,0.0431619434711175
0.00617505377909957,0.0394837059335774
0.000325480351376758,0.0423881486044097
-0.000107417051462678,0.0316547327230548
-0.00906094169875765,0.0623612474971864
0.00497714062111827,0.0695601746390425
-0.0120892979004259,0.0478055710922703
0.000715947970177137,0.0304939960604256
-0.00166217519747893,0.0435407968384225
-0.00136479934955538,0.0370898058516038
0.00172517708562978,0.0311507351284497
0.00506255283333899,0.0577343548244018
0.00325919277856219,0.0442974128111982
-0.00538347943755107,0.0539921331206357
0.00418823672117842,0.0436644950115702
0.00276342602742761,0.0370847699430394
0.00726935146938596,0.0395934563328747
-0.00722559014241156,0.0651156163401487
-0.00333889427195968,0.0539044529952657
-0.019097315440259,0.0744945366569204
0.0143738689638195,0.0614884094441597
0.00847777793801079,0.0539343153334692
0.00316739684778842,0.0363080330154021
-0.00482337320742556,0.0766012035345736
-0.00136623294718717,0.0299015990148502
-0.00540402294629987,0.0592173594957623
-0.00291122745028107,0.0512265316419325
0.00620441705198317,0.0695002843881778
0.00268391403682081,0.0265352189632361
-0.00284208864763717,0.0958542699938884
0.00328943010392905,0.0516425424979226
0.00254651620503221,0.0333024766367566
-0.000536125630415428,0.0318203789340632
-0.00114490520166662,0.0342118626447095
0.00111156080009061,0.0404703220292755
-0.00339376338662692,0.0349947616281956
0.00373918667172402,0.0393620355347205
0.00151315926972126,0.0312819259068799
-0.00103115832727105,0.0349395051785756
0.00335676338154214,0.0373677997686651
-0.00307643286571979,0.0351582973378951
0.00404805745876457,0.0471526422860065
-0.00590741863721022,0.116541381354878
0.00284528745050062,0.0327759829613258
0.00606654729965229,0.0443333190465513
0.00875033157956298,0.0545532624449303
0.00130171192075035,0.0355973645363518
-0.00156689323154569,0.0453114945131977
0.00229338748291155,0.0406733467534481
0.0101248624885232,0.0915402333631013
0.00874997150767715,0.0340295571395025
-0.00174595007094662,0.0406859342107263
-0.00562232968539025,0.116559130171221
-0.00539690698308366,0.0514935952223066
0.00560246893674373,0.0372256712923788
0.00921144320573958,0.0694315596826168
-4.47945449968052e-07,0.0523485448707709
-0.0042483042899094,0.0357208273568082
0.0117091820651705,0.114568112975942
0.00280222239694597,0.032597298746055
-0.00214201107927211,0.0546037551103219
-0.000738455122210153,0.0426999479405307
0.00130510758449647,0.0325427898192079
0.000220646415203021,0.0276962723057233
0.00113397371507997,0.0331403480480811
-0.00166818960379491,0.0413475028301641
-0.0030531856530141,0.053723526976933
0.00102734682705175,0.0299813599467149
-0.00486168340491134,0.0501836088726404
0.0119802628310132,0.0664726483776273
-0.00806599686698968,0.110013737757192
-0.00447515111706309,0.0487087703797362
-0.00395421357277238,0.0415759912318887
-0.00500846493666691,0.0431926472232915
-7.10787064084642e-05,0.0671829761579173
0.00188193303574806,0.0450073251358617
0.00405446156131957,0.0502526863767698
0.00337435215239084,0.0431566166933269
0.00237997677117168,0.0315630122285382
0.000593276567899502,0.0251083264957829
-9.61135361120041e-05,0.0352084367414449
0.000363524830867866,0.0405037764415332
-0.00098094903729642,0.0610753696510116
-7.28739071011463e-05,0.0482922991689264
-0.00195278479327892,0.05136681573185
-0.000419643228181833,0.0414913082265869
-0.00151068435148001,0.0466310723153836
0.000294654507064904,0.0371448392210355
0.00295625749187455,0.0442025239944359
0.00132351059890072,0.0572751662768599
0.0189058688107592,0.133742614978449
0.00454002599703012,0.0441458331968588
0.000739570247678363,0.0310820755687984
-0.00114576337506479,0.0720097102687283
0.00273110574941375,0.0308733873830897
0.00186589888677479,0.0586755032299124
0.00360259709024978,0.0248889237786306
0.00293954520934352,0.0542581997321774
-0.00364995596571285,0.0550914792911904
-0.00339999975349157,0.0338546697954367
-0.00347360167722775,0.0551342802443282
-0.00092211674217737,0.0310190924693094
-0.00307611071583812,0.0543323110785052
0.00138477901904844,0.0235318010966021
0.00184745589072596,0.0282499668232821
0.00531065547056382,0.0835195196163169
0.000735106046431422,0.0399016864968126
0.00237405184071917,0.02201726928382
-0.00427331890768385,0.0961373179463649
-0.00254792328569503,0.0311163393959556
-0.00415637492330538,0.0344006385145353
0.00598164491818407,0.0492358424503848
-0.00143060384552616,0.0534931182330782
-0.00131997596059455,0.0326925710923147
0.00496440245145144,0.0724839144615913
0.00209380175139455,0.0449512112715589
-0.00136574341131913,0.0414946331038778
-0.0024269227698843,0.0470577800489509
-0.000851054437989092,0.0344408643993727
-0.00252902046664606,0.0449304085709164
-0.000964385109413358,0.0437847970126058
-0.0101148509300825,0.0723879363892594
0.000241097350095769,0.0406073495081908
-0.000379170741768532,0.0635142142523764
0.000641007618794938,0.0565920394151005
0.00330810149756428,0.062450771589298
-0.00398220003358377,0.0496258633081783
0.00194204300375156,0.0303040845631864
-0.00660515024674807,0.079240066236168
-0.000667240737874667,0.0849399754807522
0.00770767328312296,0.0766852390481954
0.00427627709301845,0.118341780971775
-0.00182110280086686,0.0307707293227765
-0.000637400535799146,0.0274683997275459
0.00119340245628241,0.0570852153959385
0.00051379527540496,0.048945448231201
-0.00210466672986394,0.0368634360517597
0.000426797847454246,0.113147798787967
-0.00891502080498993,0.0644188528171443
-0.00120388828901169,0.054670258019303
0.00960734234129012,0.0457434605204016
0.000968225774549512,0.0412952291308363
0.00905088878161392,0.0716719153628523
0.010161014559448,0.0610125750397084
0.00416470563378097,0.051986646215181
-0.000874450095734095,0.0280871851514392
2.35006561947157e-05,0.0641039413294681
0.0105677761480899,0.0820020790792586
-0.00134701978836746,0.0450950982292094
-0.00862087043794239,0.110223198224095
-0.00326371685925266,0.0441444277492643
0.00419950576281404,0.0337555822160414
-0.00704442383674184,0.0735746951925761
0.00177107212194779,0.0312117402655188
-0.00634215523795915,0.0750517738872007
0.00404223126567884,0.03630400737555
-0.00326902868716426,0.044074517503607
-0.000588537810220922,0.0295418298929244
0.00335757401940845,0.0304036178992394
0.000272235419231905,0.0331692631422094
0.00690150577391867,0.0348036442296031
0.00283825110658856,0.0456906485615309
0.00985534629210428,0.0498531761209785
-0.0014730344463128,0.0512029109604896
-0.00126511619522757,0.0456959941644488
0.00556739654077859,0.0260420017787207
-0.00118666868406962,0.0290882409627157
0.00248344027683936,0.034512791999774
0.00133745416874477,0.0436362114132594
0.00646946028145313,0.0342373521255831
-0.00471123405559599,0.0630224351236681
0.00361947873652607,0.0253724479104997
-0.0047910661293592,0.0575232653898688
-0.0205600142040251,0.123719796117846
-0.0150599931495599,0.0791804420524022
0.00413360237830627,0.0651630586886563
0.00206711154240276,0.0159610762504945
-0.0145438847588018,0.0621273323959564
-0.00760593499468653,0.0580240673180363
-0.00363252366094715,0.0770731500491353
-0.00400498392706964,0.0404489766019359
0.00346394155109019,0.0536939741054138
-0.00923551238274584,0.0709436798972372
0.00492542137552977,0.0608418117890839
0.000780314162810355,0.120191001448592
0.00187824709935844,0.0615259612706228
0.00342317184455645,0.0670379514710583
-0.000225897575126319,0.0524920836908225
-0.00293582073968018,0.0432135160137557
-0.0102768051073258,0.0534813026077126
-0.00237152616268802,0.0738749491344648
-0.0121868630438301,0.0874784573359279
-0.0214132603954857,0.0749959646071786
-0.0145489112874716,0.0492996170050866
-0.0321897600209183,0.0654201031445122
-0.00232289229406543,0.0547930318840044
-0.000777414664261351,0.0276941727501361
-0.00841266056344239,0.0732413985956594
-0.00224981470118392,0.0388288851928152
0.0195659167261568,0.116041221906364
0.0031329314263242,0.0273095457295892
0.00142452927022918,0.0249810931021716
0.00798699191805688,0.13045606028297
-0.0133450732158616,0.0631654133026655
-0.000674695763802551,0.0219051261293703
-0.000636455517353063,0.0290002652755153
-0.00348107792930339,0.151712312084983
-0.00769527828542566,0.0929618641311387
0.00382420895708295,0.0508051801110293
-0.0190944380175114,0.0837263894888613
0.0137224729752994,0.138941617424368
-0.00481620047812444,0.0734878949637124
-0.00699416723841218,0.114857879932669
-0.017979100646166,0.132594650787958
-0.0108252534037984,0.0586094698694192
-0.0138488591300097,0.0769477028841638
-0.0116300887217949,0.0964045699299031
-0.00293083644765504,0.0270248832167443
-0.00109487025695869,0.0834802619532925
-0.00493360801775335,0.0691377408620205
-0.0150277650720077,0.0791722991192116
0.00041765039883091,0.0165184303324651
-0.00621429320122997,0.0631291136027241
0.00538158721377905,0.0401427203421207
0.00472148827515655,0.0400184872611742
0.000414250163498223,0.0411170404205319
-0.00797205060249767,0.0667124129817051
0.000206642377650014,0.0450057933395972
0.00519756703871956,0.0538180119932428
0.0116582246658422,0.0809331357787894
0.00384512531810084,0.0321698013192497
-0.00471363100383635,0.0784919661600202
0.00325525151544038,0.0264955772108939
0.00780779459482258,0.109870024802505
-0.0144781018109736,0.0848914212679682
-0.00203881703522685,0.045588593043627
0.00123328311233374,0.037102682956777
0.000549012943488963,0.0228983333436162
-0.0069887738167455,0.0765288683422319
0.000662629008887036,0.028239978701451
0.00328111998526538,0.0287865616157068
-0.000627610563122068,0.0257844954044057
0.00333245157103724,0.0407393615601523
0.00219475961839685,0.0299711458128814
-0.00536547803328904,0.08660536642334
0.00497574589913955,0.0782949531205119
-0.00113021354131269,0.0249185140851242
0.00617101533973997,0.0223485608860799
-0.00300035131095019,0.0265307601358763
-0.000559813503494438,0.0515019053096272
-0.00430272583151485,0.0647378528302126
-0.0249242294600646,0.144917874774884
-0.00389484640447088,0.0677432395371756
0.00023776854068184,0.0664822777480102
-0.00944092971023795,0.0700131450250711
-0.00724216813347415,0.160174711884793
-0.00636940247930894,0.153038592460048
0.00195836406163688,0.0842564404753343
-0.00577206918230324,0.0680815812027366
-0.00595297874138166,0.0430599484497165
-0.00495102985409856,0.0796395640959812
-0.0121846764226452,0.0659751277706757
-0.0184788367004073,0.0587647749526946
-0.00317279368418275,0.230779922543346
0.00112311427083595,0.0732779416013102
0.00332890705604861,0.0306389879975708
0.0106052807811356,0.0724385444092519
0.00450238636655746,0.0290832600884854
0.00114174522683173,0.0253362601490315
-0.000552661586926768,0.0520186065537525
-0.00353321588546819,0.0238545526360863
0.0136517364067859,0.112559307470311
0.00245928568462509,0.0248988368769005
-0.00321246461053692,0.131662945812363
0.00389646328659815,0.0655581226734092
0.000354265804751597,0.0166573172262298
0.00159451768959522,0.0254196166984096
0.000787230790697514,0.0286654949579566
-0.00167170009744505,0.0298793446445317
-0.00376478270566453,0.041216940351318
-0.034106719302418,0.129437981390794
0.000164633546053647,0.0330865921929991
0.00484009280652206,0.13683098203856
0.00112658552529829,0.0734625470925402
0.0100099941524545,0.0306720809949521
-0.00932055438777142,0.0606481503672104
0.00739252569302336,0.0769097860628664
0.00383766994931917,0.0256196048170547
0.00372018122527172,0.0498854035931279
-8.6218837241191e-05,0.0379999483638182
0.000436264590287153,0.0186783473836997
-0.0112058977994107,0.0683278657261458
-0.0274268945790111,0.129760148909986
-0.00999413193151219,0.0905568355157534
-0.000237137399324805,0.0264955494915108
0.00445625521781587,0.029123798149024
0.000936584076424289,0.0623055154251815
-0.000429787041608369,0.0441791752737135
0.0118615441679282,0.0567660878439685
0.000821840933542919,0.0278792043080557
0.00284594931585128,0.048921935950317
-0.00429553870920938,0.145806230832229
0.0033242583708107,0.0530855819650417
0.00364279071243316,0.0871052523961916
0.0106709672570035,0.0687713835581667
0.00224935054682586,0.0623557493128246
-0.00069370573523806,0.0831192556868786
0.00223310439175201,0.0215318845002982
-0.000327881537968771,0.0189602440636996
-0.0015875841075323,0.0858755002665309
-0.00409065967730383,0.0611751925189325
0.00269392693548899,0.0322986157248086
0.00014288095871258,0.0278056630315793
-0.000663075177783041,0.0354551237295532
0.00303735557274294,0.0777037472549274
0.00153243927729797,0.0422012287663169
0.00143611418192948,0.0521200984684431
0.000324447982543135,0.0294281895086746
-0.000715784111512126,0.0340831075599086
0.00111857393295021,0.0213194714897569
-0.00639798652955372,0.0705824139251869
0.00316343038051844,0.0547991280112108
-0.00545386735891232,0.0470624564717187
0.00291488510610943,0.0273966825247134
-0.00769623936990985,0.0525080973421278
-0.00775357492908536,0.044188272053406
0.0016298655378001,0.0228675668813708
0.000599712616457455,0.0137638947981417
0.00487408585657894,0.0395472350530698
-0.00664886943206579,0.0468770944297351
-0.00495199802116642,0.0444550796672525
0.00164838812388632,0.0421579213478668
-0.000158700526499616,0.146081080334396
0.0043194662494857,0.0262906108917539
-0.0037974101640769,0.0299538901112595
0.00121641920259668,0.0539383984751848
-0.00776164783805129,0.0574206599609345
-0.015588796720615,0.116742368341714
-0.00426509701938673,0.0777716633957507
-0.00781184956848948,0.0474069137818572
-0.00695352959278016,0.0768288127889118
0.00412197083506303,0.0812928239072661
-0.00237199821217132,0.043323913017497
-0.000539163743557842,0.0171005889845142
0.00911471079012886,0.0722312609729577
-0.016057341453462,0.206151439389942
-0.0098316258284943,0.0538276538983305
-0.00010142322729621,0.0668293251357636
-0.0107415246630937,0.0713319044700638
-0.0232689674597282,0.119903080661841
-0.00375680151182893,0.120777771679651
0.00139316151330119,0.0437415734452649
-0.00508737732143797,0.0625406291892322
-0.0063969509916069,0.0556289751432265
-0.00315881908344465,0.065111058376454
-0.0182044359077627,0.0974715867475083
-0.0039576549827536,0.066325824399291
0.000638479777906716,0.0988974994274822
0.00345571834798939,0.0152815328313545
-0.00926459753773395,0.108038292653661
0.00277707638520144,0.0774232233771128
-0.00120492076071616,0.0521856455209514
-0.0191847648306102,0.0917989592468113
0.00127893602045038,0.0417486999159357
0.00790166856787346,0.137294288886095
0.00021612484947322,0.0487280166974968
0.00171251789221459,0.0255699814958399
-0.0324995244308737,0.149756818804803
-0.0152747013245755,0.0741491958504001
0.014986422335909,0.0899660999779341
0.00338741929511748,0.0254370475415924
-0.00162273439492314,0.0254046309251556
-0.0127469827404583,0.0652422966665118
-0.00443735661847719,0.042768833590495
-0.00144572441240595,0.108479586403326
-0.0173180554813415,0.0767244340321479
0.00272490480359938,0.0220429458690053
0.00585545283500028,0.0678461195329593
-0.00364516854408935,0.0307874942299896
0.00269791848201989,0.0245197555640571
-0.00555170839070827,0.0898414656296503
0.00394813967985473,0.0465291055462899
0.00327910094807485,0.0311273085754182
0.029595911501076,0.109744012090868
-0.00360329930062619,0.0386570214462867
0.00449676469798241,0.0423712714791468
-0.00510506089700691,0.0382894089592153
-0.00798752659786054,0.0985518949603494
-0.00156699462761597,0.0216320856132446
0.00261387485903339,0.0368047974567098
-0.000791340524799096,0.0234934185041287
0.000804048539623066,0.0596050891201085
-0.00204784720078743,0.0732882576821637
-0.0117323479142718,0.0865850513235884
-0.00705387160713191,0.0818647970661856
-0.0100611721481072,0.0799548171497143
0.0209007663741555,0.165052876186468
-0.0040218372421982,0.0798884001748466
0.00585761328557557,0.0316739090107576
-0.0117614683688222,0.112263067365821
-0.00175688321552924,0.0479378617675465
0.000132782626940441,0.0509854195557245
-0.0087031518384358,0.0594319435139038
-0.0185697960508705,0.168229271452099
-0.00829916004860437,0.0553750609997647
-0.0133928175937285,0.129297262090579
-0.0024021160607177,0.0462383459327664
0.00747780894579439,0.0783033249092438
-0.0181806644373621,0.0761413110377779
-0.000674613920793099,0.0619176532677134
-0.0292723918517232,0.0627423910732133
0.00351725695419277,0.0374111400537147
0.0039229307577286,0.0456199427848829
0.00208125589012796,0.0204591770284454
-0.00515744467147142,0.0708370828339127
-0.0022043964574961,0.0294076883469489
-0.0078308533878907,0.0497566848514448
-0.00679780822767089,0.0973357529703712
0.000145135159423856,0.0464009277618613
0.00427330756583403,0.0223691265882954
0.00223652234007815,0.0216526245367746
0.00319359285079244,0.0287435209968125
-0.000105748631089956,0.038279939632231
0.000641048324866734,0.028689234557794
0.00321720545273974,0.034419036334969
0.00511129369389282,0.0302333516791179
0.00305913444170598,0.0319423072402995
0.0029152381525063,0.0255944394873966
-0.000295076365322521,0.0211516908450039
0.00468034968467325,0.0257129352546471
0.00152948049978883,0.030091774314907
0.00188156231090062,0.0227708101982964
0.0054769985740487,0.0391314592061378
-0.00323862243258652,0.0868513235395097
0.00870087494650919,0.0746227657744985
0.00144979974202608,0.0326064564169699
-0.000552679983205107,0.0290383588592617
-0.0137717125314384,0.0967580190055174
-0.00100661868450705,0.0561914344896744
-0.0053288081212479,0.0362940649992609
0.000963525634485659,0.0414399655561918
-0.0082278045199632,0.109266298824882
-0.0078791933614809,0.0645353716660147
-0.0132580921889485,0.0928498919736443
-0.00650919548423298,0.0526602153858498
-0.000994981717305768,0.0468971883239166
-0.0118519157388082,0.0948350813334809
-0.00251518902070635,0.0400619143087292
0.00934467628457562,0.0480319119404887
0.0031592158236024,0.0414598109776199
-0.00985142376327452,0.162205386521478
-0.00463215861574398,0.103691706841061
0.00183631769002022,0.0206438654733559
-0.00497010026035519,0.0942698132506742
-0.00428196333345172,0.0558898447972768
-0.00124352096001077,0.0421160522000647
0.00667909370466785,0.0348359173505136
0.00966157303736355,0.0654560191681285
0.00771019375829458,0.0432247521112062
0.00427817109995811,0.0232367740442576
-0.0351998543286079,0.116913200366746
-0.0109748597434892,0.0735695855900864
-0.000328513738838562,0.0333724900269851
0.00539260134828054,0.0483867384732771
-0.00349946599871288,0.0372502452489504
0.000964306399090377,0.0374252141866822
0.00139883656179913,0.0141308345985904
-0.0109399008265346,0.075047577118313
-0.0106097602046481,0.037944530159655
0.0104299971462542,0.06553863383329
-0.0162630665814457,0.0787555512994094
0.000646568789185551,0.0316613259776069
0.00114650733850108,0.0527617450154076
0.00156809647298431,0.039326485867301
0.00389212078242187,0.0617006293548832
-0.01490494144582,0.0477369105578423
-0.0120389357569103,0.0438830339851203
-0.0129503331755107,0.0624846822710474
-0.00145200678270646,0.0373485494518015
0.00240143455647834,0.0430034684935368
-0.00240177336850679,0.0549941701528045
-0.0105478120124612,0.0552498277066136
-0.00109887327397328,0.038184180010003
0.000802678013836377,0.0561193642571648
0.00711002735201063,0.0465491425916141
0.00278963833953339,0.0395846947790433
0.000698395732193917,0.0249941684397016
-0.0010546651762289,0.0297065024847267
0.0203195255667591,0.18173252999801
0.00435797782865827,0.0634831156072999
0.00526741072231914,0.0403861349881776
0.0109875129386925,0.093821464383195
0.00377501563633954,0.0307378115651521
-0.000658366084471253,0.0206622891203319
0.00784759126668179,0.0561691044233479
-0.00221240899141045,0.019122579590339
0.00146801229535499,0.0296742838488039
0.000481109670740578,0.0476683052467815
-0.00429078023185353,0.0916187605674938
-0.00621300987920836,0.110157718782285
-0.0139473208365107,0.127663792329087
-0.00555180491898835,0.0677965931797678
-0.00479359545365819,0.110491368577063
-0.00377101248026903,0.0533203519448428
0.00175670716417733,0.0703153488845666
0.00639300398901243,0.140607349930044
-0.000198014592432843,0.127885585359651
0.000527818937341442,0.0772401577350083
0.00269545973065862,0.0257871216101828
-0.00202170395876613,0.151731424994263
-0.0154161474661954,0.0911375366179052
-0.00330846729514518,0.0628950542300144
-0.00148553014615008,0.0444567480142871
-0.0060199773853149,0.0549865205666763
-0.0086338750527261,0.0756995708741469
0.00705926629243213,0.0564624619724347
0.00869195337386065,0.0928527195111538
-0.0224510431008531,0.102621481718576
-0.00171722607467051,0.0555220365283016
0.022957991511079,0.0859119589814827
-0.0179340638411603,0.15172973240187
-0.00173042299371796,0.0545094572300501
-0.0113455028254298,0.0787665340282506
0.00498541833440584,0.0368330525796126
0.00202167207175947,0.0493791215974205
0.0024727284183008,0.0805130617991921
-0.00751498863926401,0.0664265321989463
0.00711572701018792,0.0428766964708104
0.00633369275507821,0.149259610893816
0.00132369108968933,0.0606277445935936
0.00269137540526584,0.0223505220899583
0.00298021576766502,0.0572523002997073
0.00313411909084677,0.0590409113806295
0.00742959518265868,0.0841003364714082
0.00822130950675255,0.0490138654189081
-0.0055480802787413,0.069079128609623
0.00553187570011383,0.108279115055695
0.00231885772522669,0.0365365203381037
-2.58233180205202e-05,0.0246839129727821
-0.0112951402210896,0.0401446940058403
-0.00759022380215452,0.0558321185544969
-0.00096832651170905,0.0600684724618559
0.00261649822091751,0.0495727941451166
-0.00408992857830072,0.0698232063414922
-0.0147899039142703,0.0558078347654681
0.00150563604050171,0.0898582164859097
-0.000562203778368383,0.0747079758668428
-0.00537636460884474,0.0499685637238411
-0.00709658361290207,0.0512681153363778
-0.00240077488123443,0.0172317406645156
-0.00168150111864718,0.0276991252524185
0.0028212054445965,0.0289387912265037
0.00956476428777663,0.0944129719496336
-0.00607492802554396,0.0368310194145572
0.00120613808445338,0.028613474964749
-0.010026911866464,0.08420730137115
-0.000103178481676847,0.0817716392979587
-0.00333919971512672,0.063727034670819
0.0109723701440096,0.100038098682634
0.00167842240546033,0.0216968805874063
-0.00818147938657343,0.0545615476807946
-0.00059707323698864,0.0436732492651149
-0.0110407257925254,0.0634903836406024
-0.0077466216412074,0.0499808435248436
-0.00217889382697949,0.0494066212502024
-0.00919916998793363,0.0565902987015012
-0.00428495455980386,0.0582666191456291
0.00683643081126238,0.0481743388411204
0.00396896064271775,0.0207676418725228
-0.00145727189303767,0.0350215712273591
0.000431722740405898,0.0358077384214223
-0.00569756198883077,0.250372645331647
0.00126187526178143,0.0290983425268049
-0.00659150534091509,0.0937843767321769
0.00271435330792434,0.0591260674024499
0.00479288796052467,0.0759763389077762
0.000323038840334889,0.0405095358927811
-0.0120216909089866,0.0911063739754926
-0.0045184031062836,0.0433471717592543
-0.00920512849927996,0.0734632928590057
-0.00308491826354223,0.0668311112431102
-0.0084041648547171,0.0715737233521558
0.00207240437589034,0.0611296764771929
-6.80654915469598e-05,0.0930045691044099
0.00216181246281242,0.0318694844819359
0.00795409012754632,0.0309854338697098
-0.00572876929612431,0.0403569420641645
0.000418002548633057,0.134321314858229
0.00212436550982905,0.030362460934054
-2.22899958100204e-05,0.0258811969600159
0.00652951739497836,0.0489189507787989
0.00730253513777016,0.06907688437624
0.00261578731903504,0.0408415328824163
0.00452546804338782,0.0489761747019826
0.010904897651278,0.0549309767304095
-0.00053505293265721,0.0227827658833104
0.00653799352890135,0.0373752260239102
0.000395928691035869,0.0306307019908775
0.00669431427448063,0.0300830982360628
-0.00114813132703767,0.035605192929001
-0.0073535923604796,0.0447518442899254
-0.0132065198441665,0.0589711247472162
-0.0064374999868783,0.0807030385386964
0.0108033974005198,0.0392025447444653
-0.00331574395385228,0.0285208073487548
-0.00215736189381434,0.0814533046521827
-0.0176956202428928,0.0437314242873478
0.000527184089236308,0.0556165576506999
-0.022723901066231,0.0790317680266005
0.00610503453567579,0.053717064529947
0.00599017185400607,0.0911636089099522
0.00311864320734264,0.0299986761349872
0.00201457480424789,0.0535639629232783
0.0030201379843614,0.0552544630445916
0.000192581231759822,0.0544927168457688
0.0039603129836667,0.0311387437962115
0.00289389216461425,0.0352362968947283
0.000244514589410814,0.0416314949571468
0.0209252071191707,0.0788469926100425
-0.00523711664470367,0.048780029843542
-0.00480563522850919,0.0574538996923627
0.0052234562637787,0.0751357449969006
-0.00423117473848316,0.069624997167497
-0.00446793755561514,0.0320921787289768
-0.00790044959609216,0.086142777187408
-0.00388321234672754,0.0418045750232727
0.00311982672203008,0.023927233559519
-0.00400126245811431,0.0584956413460589
0.000155033274231838,0.0332991057889573
-0.0173231274468781,0.0679531263915878
-0.000266412759890447,0.0204896684825738
-0.0180381125571824,0.103550763113323
-0.0110644747908385,0.0560197073325628
0.00465479637204737,0.0339451144525081
0.00240792463496585,0.0612632383460187
-0.00233538461142063,0.0525399883803082
-0.00648105265192607,0.0586942769531928
0.00105334939852976,0.0303556307030313
0.0014302907160843,0.0297408588629351
0.0178116386931393,0.209943659668016
-0.000485469294079627,0.0221323468473029
0.00221767575546115,0.0215118661636697
0.0052795297944436,0.0226911635869654
0.00542738703570549,0.0380779240698733
0.0134078892583283,0.113583257072351
-0.00498726245658121,0.111742850112443
-0.00685229962081719,0.156456609218153
-0.00439366221939485,0.0399389565615458
0.000509979107493942,0.0500333748105703
-0.0106990722500244,0.0392811822948802
0.00417747441395873,0.0854077874468566
0.00102866402450227,0.0304639820544545
0.00382231254931402,0.0478683409184673
-0.00879018690081289,0.0795258011084162
-0.00809169799901966,0.0632851762616899
-0.0111273728593785,0.0811636118334614
0.00609278212935876,0.0319833428749904
0.004547177076333,0.0275792141150086
-0.0165220190320016,0.107538709092943
5.86419377350129e-05,0.0260106384946155
-0.00669808246649422,0.331818079315052
0.00390564090934419,0.0437789895306398
-0.0117326382423297,0.0718156272444678
-0.00125088613298369,0.0678518886900864
0.00135079472489753,0.0234108865153308
-0.00345941970311054,0.182119809640998
0.00236798631470205,0.0328360765673698
0.00475944228186735,0.0709869217156829
-0.00298153719919515,0.0316951765590168
-0.000397010668771472,0.0398642680830051
-0.00637587310169086,0.05508356025015
-0.0017008700430587,0.0398840964799218
-0.00540667556915212,0.0616907700855531
-0.01384236746331,0.0528744993254109
-0.00390913831175826,0.0328682313387695
-0.00278859416238315,0.0283094577137231
-0.00171289683526053,0.036176619532216
0.00112043324828537,0.0164781475199445
-0.00247065529864758,0.040450184362545
-0.00122446455529214,0.0279819516660357
-0.0172544882666142,0.0580682639311479
-0.0159423596362792,0.114956025531468
0.00100340213336925,0.0413919002710787
-0.0128998602681617,0.0682950225951369
0.00243939335925455,0.0376207684376058
-0.0314182438728475,0.116369551480904
-0.0048874935660802,0.0557012713350992
0.00154966109102673,0.0340862572469542
-0.009742257454199,0.0641490516944165
-0.0205820899855666,0.136037262103198
0.00521225955003102,0.0508760575706979
-0.0107133223533715,0.0586108644703126
-0.010246421098952,0.116891990654181
-0.000956635342554335,0.100397774785258
-0.00230357467574018,0.0308279272364984
-0.000978764112258011,0.0381438196929887
-0.00193591836646875,0.0531231768946514
-0.00175949019819974,0.0552618408636129
0.00179658195759509,0.0304756650046287
0.0067217801358755,0.0614755524088263
-0.00335777726711714,0.105837547025711
0.0128618660377805,0.0427270291684837
-0.00432904862572272,0.0943695055065136
0.00278530883413801,0.0612532445656965
-0.00337336206606166,0.0403653948230154
0.00098388110000823,0.0254458547349473
-0.00199043035452079,0.065886259996482
0.00455184518586542,0.0258163646591735
-0.00249088741450327,0.0492542053943813
-0.00289398170902981,0.0387386604778433
0.0055732956220159,0.0339130674236129
-0.01053872401639,0.0511914652934032
-0.0149603289622634,0.0925605836359916
-0.00800022998724002,0.0966444164972914
-0.0045867523841806,0.0481676269251495
-0.0132880897477382,0.151016313679552
0.00867875200191895,0.0784656357115345
-0.0185672537178584,0.0741296705818423
0.0149422846235407,0.0660741701215909
-0.00933440767259723,0.0757299978346845
-0.0126586401486047,0.0552862026901698
-0.0156201919909299,0.0838439435269163
-0.0044802188743692,0.0500866180063869
-0.0043467373463949,0.0304703108851051
-0.00190735264871577,0.0590887947826998
-0.00146494630174888,0.0498534423589449
-0.00869542530626947,0.0619576385126773
-0.0127230264554627,0.103562718988104
-0.00145151519281998,0.0366670438512172
-0.00147131807989651,0.114320677471021
-0.0423835745124942,0.125302628537744
0.00463459103007597,0.0346172554250571
0.00105450860709839,0.0266705210575981
-0.00125701869396984,0.0373687424644864
-0.00444739320479458,0.0488437563613627
-0.00306700605698819,0.112181784572296
-0.00764320483146396,0.0467328952420176
0.00105346832911239,0.0231799928077399
-0.00957528914841598,0.0393353881881626
0.000261632612298542,0.0272582445552019
-0.000732026636331304,0.125442373522881
-0.00714864743696553,0.0732405819872613
-0.0053609761675918,0.0289465720394022
0.00443915567364183,0.0266000862380872
-0.00478109345842055,0.0607594113419733
-0.00595932076942468,0.0499179765471897
-0.00626462078322793,0.0709823948806323
0.0056362959787286,0.0731349540185315
0.00252477106873684,0.0330376270813636
0.00124935674991111,0.0288908819215422
-0.0104744469663288,0.106266773489065
0.00966376823581544,0.0533185194236932
0.000119180337131138,0.0268490857324522
-0.00133997955438814,0.0446353541628424
0.00532045759865323,0.0681059377179038
-0.00889906347723896,0.0684513402803429
0.00772202301272378,0.0725647851649948
0.00129082485963044,0.0440534048471258
-0.00262363235814431,0.0472408558060741
0.00307377597618426,0.0310803628652734
0.00303711192115334,0.0291384994544455
0.00596039679564896,0.0755622728934488
-0.0167913541496309,0.0983565319373418
0.0019600253054736,0.0273146606007219
-0.0139980150313227,0.096234268385667
-9.71035532907603e-05,0.0508556987364035
0.00651398514382925,0.0258457066215863
-0.00620677715997186,0.0690002688293884
0.00203451195787849,0.0304630426098489
-0.014981457201013,0.087321035627281
0.000847810962160782,0.103412629049071
-0.00231983689054843,0.0627431905685736
-0.00111853023365372,0.0698843430587698
0.0100574698365066,0.059166992911085
0.00431991452991414,0.0368736938269717
0.00316827625884534,0.0481569531417891
-0.00489504738505724,0.0717103200644538
0.00155558973059634,0.0884956835620648
0.0117994433671579,0.063565107453928
0.00673114477294583,0.0325986612845107
0.00506904212909554,0.0297811452351809
-0.00057806099718811,0.0410510607134896
-0.00294046994399662,0.0330260929576255
0.000788511207810257,0.0381386027871915
-0.00187165635939422,0.0548768616356774
-0.0115044743623233,0.0915447557607824
0.00566092445964048,0.0796228574565883
-0.00251974789274549,0.0658623491318234
-0.00191770943330107,0.04477021110793
-0.00938131162980844,0.0471004963536279
0.00698003090049638,0.0757976614006238
0.00119356929729775,0.0281473477979432
0.00247908361671379,0.0305136656103004
-0.00437114476067181,0.0467867171966507
0.0117593722877104,0.051586339357827
-0.000325369000192478,0.0618301978185143
-0.00744790226750462,0.0722738605238824
0.00160625423778466,0.0271560882384377
-0.0143303776406099,0.0802925721481022
-0.00329976631010155,0.0618059160475687
-0.0127325059025346,0.0591329398943779
-0.00603632890213964,0.0377190089582747
0.00215885928656297,0.0226351012476706
-0.00998913212280621,0.0660669697823557
0.000825786626287526,0.133985994292209
-0.00023705346750632,0.0315292833915788
-0.00282536905765968,0.0309268210907674
0.00235419056522524,0.0410223186700266
-0.00600000740147947,0.0737520847557325
-0.0051200864989375,0.102566351060615
-0.00900809124391538,0.0428122941894363
-0.00686866887733969,0.0584785623568195
-0.00522839197237764,0.0684945789735191
0.00455288495531675,0.0384399260290438
-0.0144619699805712,0.0766345486308233
0.00373120032470396,0.0312287405983005
0.000996369737207126,0.0376339293246765
0.0116834630573946,0.0697620692388897
0.00122322844534239,0.0317403843024078
-0.0151317469404367,0.116154410738131
0.0012335301457605,0.026020197353381
-0.00803063109087697,0.0440194398901096
-0.00211650483879078,0.0317297769294342
-0.00146109996445699,0.0523234312034809
-0.00486229094763273,0.0553324343637511
0.00661824619344629,0.0651386754844276
-0.00873091705990463,0.100963775317841
-0.0101590221908648,0.0639691160821881
0.00220427655283799,0.0382644779055508
0.00736213135528345,0.0573069639144599
0.00482121758968597,0.0484013282753158
0.00275581251960629,0.0642710684270759
0.00232317487144383,0.0222176405142632
0.00328049827312302,0.0263409425869514
0.00525201341710486,0.0223638134843744
0.00139915357985124,0.0337948296185921
0.00272304071360751,0.0424050497916531
-0.0064096795857405,0.0583204701885761
0.000232957965071501,0.0251388858874621
5.62898885899175e-05,0.0161632349916697
0.00540276260835193,0.0389807613398366
-0.013743317897354,0.0940307406827174
-3.8242585930512e-05,0.0208543511045512
0.00751882694138152,0.0802437687070238
-0.0102316325137489,0.194618883103682
-0.00998923668459865,0.0703437393724021
-0.00277287805781856,0.0428371800573625
0.0114691011215296,0.0668912992218234
-0.00510410368500847,0.0751746599156011
0.00306017964309135,0.0275645980319097
-0.00475921416094416,0.0640609609637239
0.00290781976152773,0.0737831166850258
-0.00676529104381761,0.0712271008638331
0.00313406238089598,0.0556902484917018
-0.00850253807912828,0.0472977339330361
-0.00315082978639324,0.0947491042563824
0.0130044888390209,0.179836043836836
-0.00759434740161662,0.130506911590286
-0.00980432166170865,0.0573149235940072
0.00100327668148643,0.058818878757097
-0.00631842136636722,0.0358491196891777
0.00344659323890325,0.0415641491343533
-0.00324106830562833,0.112243390540808
-0.0122238046211654,0.0758150059400365
0.000767777273925372,0.0975932018143601
-0.00015281117931593,0.0287274840874821
-0.00132583635959048,0.0357009573607876
-0.000135158038614066,0.0367032540729109
-0.00130023514761387,0.0302764915822306
-0.00104643458616607,0.0537867626605551
-0.00152499091831126,0.0646960017797089
0.0016751358346061,0.0200831195840332
-0.0194376487743219,0.128336612485202
-0.00121391696202622,0.034223029130402
0.00749143162197405,0.0454705188112108
0.00347739562275401,0.0389945668429775
0.00384084502015422,0.0382473229315355
0.00209291137463102,0.0266867553854357
-0.00810316824155466,0.117256770896647
-0.00016285006932448,0.0222893472577038
-0.00571356565250779,0.166775327715823
0.00524756871894824,0.0319537079558432
0.00323295431497982,0.0266212230641081
-0.00454755465713534,0.129802956484717
0.00871246747885447,0.134063058601351
0.000546509865038764,0.0539299342300498
0.00114417475101374,0.0581583614037276
-0.00938297161557506,0.0485430256027239
-0.0130947576479334,0.0723737251194303
0.000194522962184224,0.0557911198024363
-0.00200437719259152,0.0772505767745175
0.00454177571153699,0.0413803113649542
-0.00528712606079069,0.0943731065671501
0.00336481474673828,0.0347766320713284
0.00406399842919444,0.0676200943247399
0.0030261527480473,0.0426101094679323
0.0020285723850148,0.0495796006814558
-0.009457396592788,0.072247732173012
0.000550831840439959,0.0592317197916894
-0.0090633183026943,0.059969599675318
-0.00116224230527366,0.0427196257563797
-0.000907714204024576,0.0407729652497531
0.00351303388980792,0.0829698705422098
-0.00480893021295166,0.0705543660355161
-0.01394624717023,0.0992277263569661
-0.00202467393587511,0.154010369972711
-0.00512946546819055,0.0474991142790441
-0.00241379301181812,0.0383590960055985
0.00227731839280222,0.0491558402851437
0.00139451085412352,0.0223446138725311
-0.00156151882837718,0.0743846094589508
-0.00180180945260518,0.0616389930038509
-0.00859223137171458,0.0386296744042248
-0.00361516209747795,0.040892234190668
0.00453495792776028,0.0624392118954433
0.00680617546663675,0.0642250058732866
0.00384848557491084,0.0405984457260013
0.00669203192495896,0.0797564812272385
0.00185546822152245,0.0464183074734401
0.00257611456305708,0.041585393875039
0.014461182984144,0.0990864945761808
-0.00772603467350482,0.0669760900958257
-0.0139094594614534,0.0858520448958383
-0.018023127988666,0.0824149129932618
0.00420519518237104,0.04731919384465
-0.000441440779697909,0.0438137216654215
-0.00759487556967791,0.0514976940603368
0.00549218544940184,0.0333494201694617
0.00428072870275805,0.0430378003210449
-0.00520610357380192,0.0494924039475347
0.00109783310374747,0.0473912709848105
-0.0079786016064306,0.0605854867061071
-0.000709560723114651,0.0361952400074438
0.00107009056467537,0.0356924796061802
